{
  "main": {
    "id": "6a2952440222e984",
    "type": "split",
    "children": [
      {
        "id": "ecb40689de6c40da",
        "type": "tabs",
        "children": [
          {
            "id": "145d15c2964a9086",
            "type": "leaf",
            "state": {
              "type": "markdown",
              "state": {
                "file": "Computer Science/Hardware/Processor.md",
                "mode": "source",
                "source": false
              }
            }
          }
        ]
      }
    ],
    "direction": "vertical"
  },
  "left": {
    "id": "adf00a50c6d86068",
    "type": "split",
    "children": [
      {
        "id": "dc11d2e6792afbf2",
        "type": "tabs",
        "children": [
          {
            "id": "808be17ce47aeafa",
            "type": "leaf",
            "state": {
              "type": "file-explorer",
              "state": {
                "sortOrder": "alphabetical"
              }
            }
          },
          {
            "id": "63222a489905fe19",
            "type": "leaf",
            "state": {
              "type": "search",
              "state": {
                "query": "fetch",
                "matchingCase": false,
                "explainSearch": false,
                "collapseAll": false,
                "extraContext": false,
                "sortOrder": "alphabetical"
              }
            }
          },
          {
            "id": "5d40f453a6f30a99",
            "type": "leaf",
            "state": {
              "type": "bookmarks",
              "state": {}
            }
          }
        ],
        "currentTab": 1
      }
    ],
    "direction": "horizontal",
    "width": 300
  },
  "right": {
    "id": "ce1fad0f4e8913d6",
    "type": "split",
    "children": [
      {
        "id": "9434f81a1e1f7f46",
        "type": "tabs",
        "children": [
          {
            "id": "05da8699f2cf6646",
            "type": "leaf",
            "state": {
              "type": "git-view",
              "state": {}
            }
          },
          {
            "id": "48277a1676cfaf2a",
            "type": "leaf",
            "state": {
              "type": "outline",
              "state": {
                "file": "Computer Science/Hardware/Processor.md"
              }
            }
          },
          {
            "id": "c1168fed949e6ca9",
            "type": "leaf",
            "state": {
              "type": "backlink",
              "state": {
                "file": "Computer Science/Hardware/Processor.md",
                "collapseAll": false,
                "extraContext": false,
                "sortOrder": "alphabetical",
                "showSearch": false,
                "searchQuery": "",
                "backlinkCollapsed": false,
                "unlinkedCollapsed": true
              }
            }
          },
          {
            "id": "32131fd7b7affc74",
            "type": "leaf",
            "state": {
              "type": "outgoing-link",
              "state": {
                "file": "Computer Science/Hardware/Processor.md",
                "linksCollapsed": false,
                "unlinkedCollapsed": true
              }
            }
          },
          {
            "id": "f9bc4a3d85eedd4c",
            "type": "leaf",
            "state": {
              "type": "tag",
              "state": {
                "sortOrder": "frequency",
                "useHierarchy": true
              }
            }
          }
        ]
      }
    ],
    "direction": "horizontal",
    "width": 328.5
  },
  "left-ribbon": {
    "hiddenItems": {
      "switcher:Open quick switcher": false,
      "graph:Open graph view": false,
      "canvas:Create new canvas": false,
      "daily-notes:Open today's daily note": false,
      "templates:Insert template": false,
      "command-palette:Open command palette": false,
      "table-editor-obsidian:Advanced Tables Toolbar": false,
      "obsidian-excalidraw-plugin:Create new drawing": false
    }
  },
  "active": "05da8699f2cf6646",
  "lastOpenFiles": [
    "Computer Science/Databases/Update Conflicts.md",
    "Computer Science/Databases/SQL.md",
    "Computer Science/Databases/Databases.md",
    "Computer Science/Databases/Database Types.md",
    "Computer Science/Databases/Database Design.md",
    "Computer Science/Data Structures/Hash-Tables.md",
    "Computer Science/Data Structures/Graphs.md",
    "Computer Science/Binary/Networking.md",
    "Computer Science/Binary/Logic Gates.md",
    "Computer Science/Binary/Flip Flops.md",
    "Computer Science/Binary/Binary Adders.md",
    "Computer Science/Binary/Boolean Algebra.md",
    "Computer Science/Binary/Binary.md",
    "Computer Science/Data Structures/Data Structures.md",
    "Computer Science/Hardware/IO Controller.md",
    "Computer Science/Object Orientated Programming/Basic Concepts.md",
    "Physics/Circular Motion/Banked Tracks.md",
    "Computer Science/Object Orientated Programming/Object Orientated Programming.md",
    "Physics/Space/Charged Coupled Devices.md",
    "Computer Science/Algorithms/Abstraction and Automation.md",
    "Computer Science/Algorithms/Decomposition.md",
    "Computer Science/Algorithms/Finite State Machine.md",
    "Computer Science/Algorithms/Merge Sort.md",
    "Computer Science/Algorithms/Recursion.md",
    "Computer Science/BigO/Linear Functions.md",
    "Computer Science/BigO/Permutations No Repetitions.md",
    "Work"
  ]
}